AGREE_DATE,NetCPL_CBOB,NetCPL_JET,NetCPL_PBOB,NetCPL_PCBOB,NetCPL_RBOB,NetCPL_ULSD
2012-05-24,0.0,0.0,0.0,0.0,0.0,0.0
2017-12-18,-100082.0,0.0,0.0,0.0,0.0,0.0
2017-12-21,0.0,0.0,0.0,850658.0,0.0,0.0
2017-12-26,-150106.0,0.0,0.0,0.0,-50058.0,0.0
2017-12-27,-50004.0,0.0,50000.0,50042.0,0.0,0.0
2017-12-28,-150120.0,0.0,50060.0,0.0,0.0,0.0
2017-12-29,-150046.0,0.0,0.0,0.0,-50060.0,0.0
2018-01-02,-149774.0,0.0,0.0,0.0,0.0,0.0
2018-01-03,0.0,0.0,50036.0,0.0,-50036.0,0.0
2018-01-04,0.0,0.0,100060.0,150020.0,0.0,0.0
2018-01-05,-400462.0,0.0,0.0,50024.0,-50054.0,0.0
2018-01-08,-200118.0,0.0,150102.0,50052.0,0.0,0.0
2018-01-09,-100078.0,0.0,100022.0,50080.0,0.0,0.0
2018-01-11,28.0,0.0,0.0,100094.0,50032.0,0.0
2018-01-12,-50040.0,0.0,30018.0,0.0,0.0,0.0
2018-01-16,50316.0,0.0,150118.0,100078.0,50090.0,0.0
2018-01-17,-50020.0,0.0,0.0,50050.0,-50044.0,0.0
2018-01-18,-50030.0,0.0,0.0,50060.0,0.0,0.0
2018-01-19,-100002.0,0.0,210094.0,50040.0,0.0,0.0
2018-01-22,-100186.0,0.0,0.0,0.0,0.0,0.0
2018-01-23,-300032.0,0.0,130108.0,0.0,0.0,0.0
2018-01-24,-150022.0,0.0,0.0,0.0,0.0,0.0
2018-01-25,126.0,0.0,0.0,99998.0,0.0,0.0
2018-01-26,0.0,0.0,50040.0,100034.0,0.0,0.0
2018-01-29,-50008.0,0.0,100016.0,50012.0,0.0,0.0
2018-01-30,-50008.0,0.0,50038.0,150068.0,0.0,0.0
2018-01-31,0.0,0.0,100058.0,0.0,100096.0,0.0
2018-02-01,0.0,0.0,0.0,150062.0,0.0,0.0
2018-02-02,0.0,0.0,0.0,300282.0,0.0,0.0
2018-02-05,-100006.0,0.0,80080.0,150002.0,38.0,0.0
2018-02-06,-50010.0,0.0,0.0,100052.0,-50052.0,0.0
2018-02-07,0.0,0.0,0.0,50006.0,0.0,0.0
2018-02-08,9876.0,0.0,0.0,0.0,0.0,0.0
2018-02-09,-100062.0,0.0,30068.0,100008.0,99998.0,0.0
2018-02-12,0.0,0.0,150102.0,150062.0,0.0,0.0
2018-02-13,0.0,0.0,0.0,90024.0,0.0,0.0
2018-02-14,50138.0,0.0,0.0,0.0,0.0,0.0
2018-02-15,74.0,0.0,30054.0,0.0,0.0,0.0
2018-02-16,0.0,0.0,0.0,0.0,0.0,0.0
2018-02-20,0.0,0.0,100130.0,0.0,0.0,0.0
2018-02-21,6.0,0.0,0.0,0.0,0.0,0.0
2018-02-22,50000.0,0.0,0.0,0.0,-100086.0,0.0
2018-02-23,0.0,0.0,80082.0,0.0,0.0,0.0
2018-02-26,50084.0,0.0,148050.0,0.0,-150104.0,0.0
2018-02-27,-42.0,0.0,0.0,0.0,0.0,0.0
2018-02-28,-57136.0,0.0,50030.0,100722.0,-150150.0,0.0
2018-03-01,0.0,0.0,80028.0,150132.0,0.0,0.0
2018-03-02,0.0,0.0,0.0,0.0,0.0,0.0
2018-03-05,-50044.0,0.0,100064.0,50024.0,-100082.0,0.0
2018-03-06,0.0,0.0,0.0,50068.0,0.0,0.0
2018-03-07,0.0,0.0,122046.0,0.0,0.0,0.0
2018-03-08,0.0,0.0,130028.0,270212.0,0.0,0.0
2018-03-12,50038.0,0.0,0.0,0.0,100282.0,0.0
2018-03-13,40.0,0.0,110096.0,100040.0,-100044.0,0.0
2018-03-14,50136.0,0.0,128104.0,0.0,50006.0,0.0
2018-03-15,100158.0,0.0,0.0,0.0,0.0,0.0
2018-03-19,49962.0,0.0,110088.0,0.0,0.0,0.0
2018-03-20,0.0,0.0,50030.0,850512.0,50034.0,0.0
2018-03-21,-150120.0,0.0,50032.0,0.0,0.0,0.0
2018-03-23,0.0,0.0,100028.0,-120074.0,100032.0,0.0
2018-03-26,0.0,0.0,50048.0,150042.0,100082.0,0.0
2018-03-27,0.0,0.0,50030.0,0.0,0.0,0.0
2018-03-28,94.0,0.0,0.0,50054.0,0.0,0.0
2018-03-29,-350048.0,0.0,50018.0,150012.0,150086.0,0.0
2018-04-02,0.0,0.0,70042.0,50012.0,0.0,0.0
2018-04-03,0.0,0.0,0.0,100016.0,0.0,0.0
2018-04-05,-280326.0,0.0,110078.0,150160.0,150092.0,0.0
2018-04-06,0.0,0.0,50024.0,0.0,0.0,0.0
2018-04-09,51314.0,0.0,0.0,50056.0,0.0,0.0
2018-04-10,170786.0,0.0,80052.0,325290.0,100028.0,0.0
2018-04-11,-200136.0,0.0,150050.0,0.0,50022.0,0.0
2018-04-12,-100004.0,0.0,0.0,0.0,0.0,0.0
2018-04-16,-30030.0,0.0,100054.0,100096.0,250536.0,0.0
2018-04-17,0.0,0.0,60038.0,50032.0,0.0,0.0
2018-04-18,0.0,0.0,100046.0,100094.0,0.0,0.0
2018-04-19,0.0,0.0,0.0,0.0,0.0,0.0
2018-04-20,-30016.0,0.0,0.0,0.0,0.0,0.0
2018-04-23,-400120.0,0.0,160082.0,0.0,49990.0,0.0
2018-04-24,49998.0,0.0,50012.0,0.0,0.0,0.0
2018-04-26,-880222.0,0.0,110054.0,100082.0,50014.0,0.0
2018-04-27,0.0,0.0,100084.0,50016.0,0.0,0.0
2018-04-30,0.0,0.0,50000.0,100032.0,0.0,0.0
2018-05-01,-500436.0,0.0,0.0,150134.0,-50016.0,0.0
2018-05-02,0.0,0.0,100024.0,0.0,-252338.0,0.0
2018-05-03,0.0,0.0,0.0,160058.0,0.0,0.0
2018-05-04,0.0,0.0,0.0,0.0,-50074.0,0.0
2018-05-07,-300042.0,0.0,110080.0,100104.0,0.0,0.0
2018-05-08,-56.0,0.0,50022.0,160018.0,-8.0,0.0
2018-05-09,0.0,0.0,150124.0,0.0,-50018.0,0.0
2018-05-10,0.0,0.0,0.0,56036.0,0.0,0.0
2018-05-11,-450078.0,0.0,50032.0,0.0,0.0,0.0
2018-05-14,-30042.0,0.0,100048.0,0.0,50000.0,0.0
2018-05-15,0.0,0.0,0.0,80022.0,100040.0,0.0
2018-05-16,-490200.0,0.0,80058.0,0.0,54986.0,0.0
2018-05-17,-50014.0,0.0,150048.0,140114.0,30032.0,0.0
2018-05-18,0.0,0.0,30000.0,0.0,0.0,0.0
2018-05-21,-280020.0,0.0,130068.0,0.0,30028.0,0.0
2018-05-22,0.0,0.0,50034.0,0.0,30036.0,0.0
2018-05-23,0.0,0.0,30030.0,30020.0,0.0,0.0
2018-05-24,-240034.0,0.0,30026.0,50004.0,40030.0,0.0
2018-05-25,0.0,0.0,150044.0,50008.0,0.0,0.0
2018-05-29,0.0,0.0,80056.0,160134.0,50034.0,0.0
2018-06-01,-390050.0,0.0,50034.0,100050.0,100034.0,0.0
2018-06-04,0.0,0.0,80088.0,0.0,100026.0,0.0
2018-06-05,-49934.0,0.0,0.0,0.0,0.0,0.0
2018-06-07,-379984.0,0.0,160100.0,50014.0,160032.0,0.0
2018-06-08,0.0,0.0,0.0,0.0,49992.0,0.0
2018-06-11,0.0,0.0,100048.0,220100.0,0.0,0.0
2018-06-12,-680194.0,0.0,50000.0,100078.0,60022.0,0.0
2018-06-13,-50182.0,0.0,129052.0,150166.0,100030.0,0.0
2018-06-14,-50052.0,0.0,80056.0,0.0,50020.0,0.0
2018-06-18,-240086.0,0.0,30032.0,0.0,150054.0,0.0
2018-06-19,0.0,0.0,150102.0,150102.0,0.0,0.0
2018-06-20,200052.0,0.0,0.0,0.0,50032.0,0.0
2018-06-21,-380102.0,0.0,50010.0,220058.0,150050.0,0.0
2018-06-22,-70058.0,0.0,0.0,0.0,150062.0,0.0
2018-06-25,0.0,0.0,160078.0,296402.0,100112.0,0.0
2018-06-26,-490306.0,0.0,30028.0,60062.0,300342.0,0.0
2018-06-27,150092.0,0.0,50022.0,150112.0,150528.0,0.0
2018-06-28,0.0,0.0,50028.0,350108.0,150124.0,0.0
2018-06-29,0.0,0.0,0.0,50070.0,0.0,0.0
2018-07-02,-430188.0,0.0,50012.0,250260.0,440256.0,0.0
2018-07-03,0.0,0.0,0.0,0.0,50020.0,0.0
2018-07-05,0.0,0.0,60052.0,200072.0,100472.0,0.0
2018-07-06,-380252.0,0.0,30022.0,259464.0,99998.0,0.0
2018-07-09,50090.0,0.0,180090.0,100086.0,150132.0,0.0
2018-07-10,-31416.0,0.0,50028.0,0.0,30016.0,0.0
2018-07-11,-40084.0,0.0,0.0,250216.0,0.0,0.0
2018-07-12,-130022.0,0.0,0.0,0.0,150026.0,0.0
2018-07-13,-70008.0,0.0,150064.0,50068.0,0.0,0.0
2018-07-16,-49994.0,0.0,50038.0,210060.0,80016.0,0.0
2018-07-17,-430088.0,0.0,110040.0,280256.0,100052.0,0.0
2018-07-18,0.0,0.0,0.0,100136.0,50000.0,0.0
2018-07-19,0.0,0.0,150066.0,160098.0,0.0,0.0
2018-07-20,-100076.0,0.0,0.0,130064.0,0.0,0.0
2018-07-23,450280.0,0.0,0.0,150046.0,100020.0,0.0
2018-07-24,0.0,0.0,100060.0,100016.0,80046.0,0.0
2018-07-25,-200072.0,0.0,0.0,100024.0,0.0,0.0
2018-07-26,-190072.0,0.0,30038.0,330300.0,50040.0,0.0
2018-07-27,0.0,0.0,0.0,49942.0,150060.0,0.0
2018-07-30,56.0,0.0,100064.0,60042.0,0.0,0.0
2018-07-31,0.0,0.0,80060.0,0.0,0.0,0.0
2018-08-01,-190060.0,0.0,130088.0,400038.0,249508.0,0.0
2018-08-02,-200112.0,0.0,0.0,100048.0,0.0,0.0
2018-08-03,0.0,0.0,50030.0,50060.0,-149484.0,0.0
2018-08-06,-550096.0,0.0,0.0,0.0,150052.0,0.0
2018-08-07,0.0,0.0,60034.0,140098.0,30058.0,0.0
2018-08-08,50052.0,0.0,100016.0,200074.0,0.0,0.0
2018-08-09,0.0,0.0,150062.0,250136.0,49988.0,0.0
2018-08-10,0.0,0.0,0.0,50016.0,50020.0,0.0
2018-08-13,-300006.0,0.0,100056.0,0.0,-50026.0,0.0
2018-08-14,0.0,0.0,10000.0,-4976.0,0.0,0.0
2018-08-15,-150014.0,0.0,100008.0,250172.0,150048.0,0.0
2018-08-16,0.0,0.0,0.0,50024.0,0.0,0.0
2018-08-17,0.0,0.0,130016.0,0.0,70022.0,0.0
2018-08-20,100076.0,0.0,0.0,200120.0,200084.0,0.0
2018-08-21,-30032.0,0.0,0.0,30020.0,30018.0,0.0
2018-08-22,0.0,0.0,230140.0,350030.0,0.0,0.0
2018-08-24,0.0,0.0,50026.0,148496.0,0.0,0.0
2018-08-27,130132.0,0.0,150102.0,110080.0,238046.0,0.0
2018-08-28,0.0,0.0,60022.0,200028.0,0.0,0.0
2018-08-30,-119994.0,0.0,80028.0,320146.0,150010.0,0.0
2018-08-31,-49998.0,0.0,50032.0,0.0,0.0,0.0
2018-09-04,0.0,0.0,80056.0,100018.0,49990.0,0.0
2018-09-05,0.0,0.0,0.0,0.0,29992.0,0.0
2018-09-06,-150036.0,0.0,100070.0,290136.0,-370172.0,0.0
2018-09-07,0.0,0.0,0.0,116078.0,0.0,0.0
2018-09-10,-100048.0,0.0,260066.0,50008.0,0.0,0.0
2018-09-11,-299994.0,0.0,50020.0,180114.0,-160064.0,0.0
2018-09-12,0.0,0.0,0.0,50014.0,0.0,0.0
2018-09-13,0.0,0.0,239310.0,50010.0,-190096.0,0.0
2018-09-14,-70004.0,0.0,50022.0,220184.0,-130174.0,0.0
2018-09-17,0.0,0.0,280124.0,150098.0,0.0,0.0
2018-09-18,180034.0,0.0,0.0,150136.0,0.0,0.0
2018-09-19,-160004.0,0.0,40010.0,80170.0,-120080.0,0.0
2018-09-20,0.0,0.0,0.0,70028.0,0.0,0.0
2018-09-21,0.0,0.0,100028.0,60014.0,0.0,0.0
2018-09-24,0.0,0.0,100010.0,0.0,0.0,0.0
2018-09-25,-130060.0,0.0,200034.0,100020.0,-110098.0,0.0
2018-09-26,0.0,0.0,0.0,90028.0,0.0,0.0
2018-09-27,0.0,0.0,60010.0,0.0,0.0,0.0
2018-09-28,0.0,0.0,0.0,50076.0,0.0,0.0
2018-10-01,-99998.0,0.0,30028.0,220266.0,-100090.0,0.0
2018-10-02,30.0,0.0,200072.0,134016.0,0.0,0.0
2018-10-03,0.0,0.0,50028.0,0.0,0.0,0.0
2018-10-04,-139982.0,0.0,0.0,290174.0,-100068.0,0.0
2018-10-05,0.0,0.0,50024.0,100112.0,0.0,0.0
2018-10-08,0.0,0.0,0.0,0.0,0.0,0.0
2018-10-09,-130048.0,0.0,0.0,-90022.0,-68998.0,0.0
2018-10-10,0.0,0.0,150076.0,200134.0,0.0,0.0
2018-10-11,0.0,0.0,80056.0,150076.0,0.0,0.0
2018-10-12,0.0,0.0,0.0,0.0,0.0,0.0
2018-10-15,-240176.0,0.0,50016.0,-39968.0,-120014.0,0.0
2018-10-16,0.0,0.0,200116.0,400096.0,0.0,0.0
2018-10-17,0.0,0.0,40026.0,200100.0,0.0,0.0
2018-10-18,-100046.0,0.0,0.0,150050.0,0.0,0.0
2018-10-19,34.0,0.0,28.0,0.0,0.0,0.0
2018-10-22,-50012.0,0.0,300080.0,90066.0,-100092.0,0.0
2018-10-23,-280276.0,0.0,0.0,130164.0,-110080.0,0.0
2018-10-24,0.0,0.0,60026.0,200126.0,0.0,0.0
2018-10-25,0.0,0.0,230114.0,120108.0,0.0,0.0
2018-10-26,0.0,0.0,0.0,100072.0,0.0,0.0
2018-10-29,-300094.0,0.0,160074.0,100078.0,-110036.0,0.0
2018-10-30,0.0,0.0,100032.0,199214.0,-19944.0,0.0
2018-11-01,0.0,0.0,0.0,180152.0,0.0,0.0
2018-11-02,-250002.0,0.0,180120.0,280188.0,-70058.0,0.0
2018-11-05,0.0,0.0,100022.0,0.0,0.0,0.0
2018-11-06,0.0,0.0,60030.0,0.0,0.0,0.0
2018-11-07,0.0,0.0,0.0,50038.0,0.0,0.0
2018-11-08,-300034.0,0.0,130132.0,350186.0,-100678.0,0.0
2018-11-09,0.0,0.0,50032.0,0.0,0.0,0.0
2018-11-12,0.0,0.0,100030.0,0.0,0.0,0.0
2018-11-13,0.0,0.0,150082.0,450166.0,-110094.0,0.0
2018-11-14,0.0,0.0,170026.0,100092.0,0.0,0.0
2018-11-16,-180000.0,0.0,180050.0,390152.0,-80058.0,0.0
2018-11-19,-200000.0,0.0,99996.0,280272.0,0.0,0.0
2018-11-20,-39992.0,0.0,150080.0,380174.0,-80044.0,0.0
2018-11-27,-520166.0,0.0,170144.0,330150.0,-80140.0,0.0
2018-11-28,0.0,0.0,0.0,100024.0,0.0,0.0
2018-11-29,-200036.0,0.0,0.0,150042.0,0.0,0.0
2018-11-30,-240032.0,0.0,0.0,0.0,0.0,0.0
2018-12-03,-250006.0,0.0,0.0,400178.0,-140114.0,0.0
2018-12-05,0.0,0.0,0.0,0.0,0.0,0.0
2018-12-06,-220010.0,0.0,0.0,270146.0,-100112.0,0.0
2018-12-07,0.0,0.0,120026.0,30022.0,-50034.0,0.0
2018-12-10,0.0,0.0,60082.0,100076.0,0.0,0.0
2018-12-11,-60004.0,0.0,90040.0,510252.0,-70108.0,75000.0
2018-12-12,0.0,0.0,0.0,0.0,0.0,0.0
2018-12-13,0.0,0.0,280064.0,140000.0,-100076.0,0.0
2018-12-14,0.0,0.0,0.0,250000.0,0.0,0.0
2018-12-17,50046.0,100000.0,30026.0,140000.0,0.0,0.0
2018-12-18,0.0,50000.0,0.0,150000.0,-100000.0,35000.0
2018-12-19,-320000.0,0.0,260000.0,50000.0,-50000.0,0.0
2018-12-20,0.0,125000.0,30000.0,240000.0,0.0,335000.0
2018-12-21,-40000.0,0.0,150000.0,180000.0,-50000.0,105000.0
2018-12-26,0.0,0.0,0.0,0.0,-50000.0,35000.0
2018-12-27,0.0,25000.0,60000.0,80000.0,-50000.0,75000.0
2018-12-28,0.0,25000.0,200000.0,360000.0,-150000.0,30000.0
2019-01-02,-100000.0,50000.0,0.0,0.0,0.0,75000.0
2019-01-03,-50000.0,125000.0,0.0,0.0,0.0,325000.0
2019-01-04,0.0,50000.0,0.0,240000.0,-30582.0,230000.0
2019-01-07,-220000.0,-155000.0,0.0,0.0,-50000.0,-150006.0
2019-01-08,-130000.0,0.0,200000.0,150000.0,0.0,25000.0
2019-01-09,0.0,50000.0,30000.0,50000.0,0.0,235000.0
2019-01-10,-180000.0,0.0,50000.0,270000.0,-150050.0,0.0
2019-01-11,0.0,0.0,0.0,100000.0,0.0,-105050.0
2019-01-14,0.0,325000.0,100000.0,0.0,0.0,-20069.0
2019-01-15,0.0,0.0,30000.0,240000.0,-100018.0,70000.0
2019-01-16,0.0,250000.0,100000.0,0.0,0.0,-25000.0
2019-01-17,240000.0,0.0,50000.0,2.0,0.0,50000.0
2019-01-18,0.0,25000.0,0.0,0.0,0.0,80000.0
2019-01-22,-70000.0,50000.0,50000.0,249998.0,-150088.0,20000.0
2019-01-23,-59994.0,25000.0,140000.0,0.0,0.0,135000.0
2019-01-24,0.0,150000.0,30000.0,-50018.0,0.0,30000.0
2019-01-25,0.0,50000.0,0.0,150000.0,0.0,0.0
2019-01-28,0.0,225000.0,30000.0,50000.0,0.0,50000.0
2019-01-29,0.0,0.0,0.0,150000.0,0.0,100000.0
2019-01-30,-230000.0,50000.0,100000.0,200000.0,0.0,25000.0
2019-01-31,0.0,0.0,50000.0,100000.0,0.0,135000.0
2019-02-01,0.0,100000.0,0.0,0.0,0.0,75000.0
2019-02-04,-350082.0,75000.0,0.0,0.0,0.0,325000.0
2019-02-05,0.0,50000.0,120000.0,280000.0,0.0,175000.0
2019-02-06,-150014.0,225000.0,0.0,130000.0,30000.0,65021.0
2019-02-07,-190060.0,-125014.0,0.0,0.0,0.0,270000.0
2019-02-08,0.0,50000.0,0.0,0.0,0.0,40000.0
2019-02-11,-100000.0,75000.0,50000.0,150000.0,-240058.0,150000.0
2019-02-12,-80044.0,100000.0,100000.0,0.0,0.0,140000.0
2019-02-13,200000.0,75000.0,0.0,100000.0,0.0,185000.0
2019-02-14,-100000.0,200000.0,0.0,100000.0,-200060.0,50000.0
2019-02-15,0.0,75000.0,0.0,330000.0,0.0,150000.0
2019-02-19,200000.0,0.0,60000.0,100000.0,0.0,220000.0
2019-02-20,-250000.0,100000.0,100000.0,290000.0,-170064.0,50000.0
2019-02-21,-110008.0,50000.0,50000.0,-100000.0,0.0,60000.0
2019-02-22,-40000.0,75000.0,0.0,70000.0,0.0,240000.0
2019-02-25,0.0,0.0,0.0,50000.0,0.0,335000.0
2019-02-26,-30000.0,150000.0,0.0,250000.0,-150000.0,25000.0
2019-02-27,-494902.0,50000.0,0.0,250000.0,0.0,125000.0
2019-02-28,-50000.0,0.0,-30000.0,50000.0,0.0,150000.0
2019-03-01,0.0,125000.0,0.0,230000.0,-230000.0,50000.0
2019-03-04,-160000.0,100000.0,30000.0,50000.0,0.0,150000.0
2019-03-05,0.0,75000.0,0.0,50000.0,100000.0,500000.0
2019-03-06,-350100.0,0.0,0.0,150000.0,0.0,260000.0
2019-03-07,0.0,0.0,30000.0,50000.0,50000.0,0.0
2019-03-08,0.0,175000.0,30000.0,80000.0,-40.0,125000.0
2019-03-11,0.0,50000.0,80000.0,100000.0,0.0,-25000.0
2019-03-12,-20000.0,0.0,100000.0,330000.0,0.0,0.0
2019-03-13,0.0,0.0,40000.0,0.0,0.0,85000.0
2019-03-14,-50000.0,50000.0,0.0,200000.0,350000.0,250000.0
2019-03-15,0.0,50000.0,0.0,0.0,0.0,125000.0
2019-03-18,-1060270.0,200000.0,160000.0,230000.0,340000.0,-100000.0
2019-03-19,-190066.0,0.0,50000.0,80008.0,50000.0,-75013.0
2019-03-20,-880014.0,0.0,50000.0,250000.0,0.0,50000.0
2019-03-21,0.0,75000.0,80000.0,0.0,440000.0,-75010.0
2019-03-22,0.0,0.0,100000.0,50000.0,0.0,-24990.0
2019-03-25,-66.0,50000.0,0.0,0.0,0.0,0.0
2019-03-26,0.0,25000.0,0.0,0.0,0.0,75000.0
2019-03-27,-100000.0,0.0,0.0,120000.0,0.0,0.0
2019-03-28,0.0,0.0,50000.0,100000.0,300000.0,0.0
2019-03-29,0.0,-49995.0,60000.0,50000.0,50000.0,0.0
2019-04-01,-100000.0,75000.0,0.0,0.0,70000.0,100000.0
2019-04-02,-350074.0,125000.0,180000.0,80000.0,450000.0,0.0
2019-04-03,0.0,75000.0,30000.0,-5006.0,0.0,100000.0
2019-04-04,-300148.0,175000.0,0.0,40000.0,0.0,150000.0
2019-04-05,-60022.0,0.0,100000.0,250000.0,350000.0,0.0
2019-04-08,0.0,0.0,50000.0,170000.0,100000.0,75000.0
2019-04-09,-50002.0,175000.0,110000.0,0.0,0.0,25037.0
2019-04-10,-70110.0,0.0,80000.0,130000.0,250000.0,300000.0
2019-04-11,49984.0,125000.0,50000.0,130000.0,0.0,0.0
2019-04-12,0.0,50000.0,0.0,160000.0,0.0,-125022.0
2019-04-15,-139958.0,-50049.0,100000.0,50000.0,-100042.0,250000.0
2019-04-16,0.0,0.0,100000.0,150000.0,409982.0,0.0
2019-04-17,0.0,0.0,60000.0,200000.0,0.0,0.0
2019-04-18,70000.0,0.0,0.0,100000.0,30000.0,-14.0
2019-04-19,0.0,0.0,0.0,100000.0,0.0,0.0
2019-04-22,-300014.0,75000.0,210000.0,230000.0,450000.0,450000.0
2019-04-23,-150000.0,0.0,0.0,140000.0,150000.0,310000.0
2019-04-24,-299964.0,100000.0,0.0,0.0,0.0,-2000.0
2019-04-25,-50000.0,25000.0,200000.0,130000.0,520000.0,225000.0
2019-04-26,0.0,150002.0,0.0,50000.0,0.0,0.0
2019-04-29,-100000.0,50000.0,30000.0,-150000.0,0.0,175000.0
2019-04-30,-149986.0,25000.0,0.0,0.0,0.0,0.0
2019-05-01,0.0,100000.0,0.0,0.0,22.0,-75000.0
2019-05-02,-80080.0,0.0,50000.0,220000.0,350000.0,125000.0
2019-05-03,0.0,0.0,30000.0,50000.0,0.0,475000.0
2019-05-06,0.0,25000.0,0.0,50000.0,30000.0,50000.0
2019-05-07,-50000.0,150000.0,0.0,30000.0,400000.0,50000.0
2019-05-08,0.0,100000.0,0.0,200000.0,70000.0,250000.0
2019-05-09,0.0,50000.0,0.0,90000.0,0.0,100000.0
2019-05-10,-80058.0,25000.0,130000.0,370000.0,350000.0,0.0
2019-05-13,-50038.0,150000.0,0.0,150000.0,110000.0,410000.0
2019-05-14,-100000.0,-25000.0,100000.0,50000.0,-100000.0,50000.0
2019-05-15,0.0,125000.0,50000.0,150000.0,-50000.0,50000.0
2019-05-16,0.0,25000.0,-210032.0,-50000.0,450000.0,0.0
2019-05-17,40000.0,0.0,0.0,170000.0,100000.0,250000.0
2019-05-20,0.0,0.0,36000.0,4.0,0.0,200000.0
2019-05-21,-120030.0,175000.0,-80000.0,230000.0,450000.0,100000.0
2019-05-22,0.0,0.0,0.0,30000.0,150000.0,175000.0
2019-05-23,0.0,175000.0,0.0,50000.0,180000.0,60000.0
2019-05-24,-100000.0,150000.0,0.0,280000.0,570000.0,0.0
2019-05-28,200000.0,25000.0,50000.0,100000.0,0.0,-150000.0
2019-05-29,0.0,75000.0,34000.0,30000.0,0.0,0.0
2019-05-30,0.0,0.0,90000.0,0.0,50000.0,0.0
2019-05-31,-50044.0,100000.0,0.0,0.0,300000.0,185000.0
2019-06-03,0.0,0.0,30000.0,0.0,400000.0,0.0
2019-06-04,-200000.0,100000.0,0.0,-50056.0,130000.0,50000.0
2019-06-05,0.0,25000.0,0.0,0.0,100000.0,-25000.0
2019-06-06,-60000.0,25000.0,100000.0,0.0,400000.0,-100000.0
2019-06-07,-50000.0,75000.0,50000.0,0.0,100000.0,0.0
2019-06-10,-50000.0,75000.0,50000.0,0.0,0.0,-135000.0
2019-06-11,-110012.0,225000.0,110000.0,-50024.0,440000.0,275000.0
2019-06-12,-100000.0,-25013.0,50000.0,0.0,250000.0,360000.0
2019-06-13,100000.0,50000.0,210000.0,50000.0,100000.0,200000.0
2019-06-14,100000.0,25000.0,230000.0,85000.0,350000.0,60000.0
2019-06-17,60000.0,100000.0,130000.0,-6.0,270000.0,100000.0
2019-06-18,0.0,0.0,60000.0,50000.0,50000.0,175000.0
2019-06-19,0.0,0.0,30000.0,-100000.0,160000.0,50000.0
2019-06-20,0.0,375000.0,100000.0,0.0,400000.0,185000.0
2019-06-21,-110058.0,0.0,150000.0,0.0,100000.0,75000.0
2019-06-24,-100022.0,0.0,110000.0,-50000.0,180000.0,125000.0
2019-06-25,59988.0,150000.0,50000.0,0.0,150000.0,94993.0
2019-06-26,0.0,0.0,0.0,0.0,60000.0,300000.0
2019-06-27,-50000.0,50000.0,0.0,0.0,100000.0,75000.0
2019-06-28,-30058.0,275000.0,0.0,0.0,300000.0,200000.0
2019-07-01,0.0,0.0,110000.0,30012.0,150000.0,150000.0
2019-07-02,-50000.0,225000.0,100000.0,0.0,50000.0,75000.0
2019-07-03,0.0,25000.0,80000.0,0.0,100000.0,74994.0
2019-07-08,-470164.0,25000.0,150000.0,260000.0,249996.0,200000.0
2019-07-09,0.0,125000.0,50000.0,49984.0,360000.0,25000.0
2019-07-10,-110184.0,100000.0,0.0,0.0,100000.0,50000.0
2019-07-11,0.0,50000.0,100000.0,0.0,350000.0,25000.0
2019-07-12,0.0,125000.0,0.0,80000.0,30000.0,25000.0
2019-07-15,10000.0,100000.0,150000.0,150000.0,280000.0,150000.0
2019-07-16,0.0,225000.0,0.0,0.0,50000.0,75000.0
2019-07-17,0.0,50000.0,0.0,0.0,250000.0,0.0
2019-07-18,0.0,50000.0,30000.0,240000.0,160000.0,0.0
2019-07-19,150000.0,0.0,120000.0,0.0,200000.0,0.0
2019-07-22,0.0,200000.0,100000.0,210006.0,130000.0,74972.0
2019-07-23,0.0,125000.0,50000.0,0.0,450000.0,75000.0
2019-07-24,-30032.0,75000.0,0.0,130000.0,100000.0,0.0
2019-07-25,0.0,200000.0,50000.0,50000.0,0.0,50000.0
2019-07-26,0.0,50000.0,0.0,50000.0,450000.0,275000.0
2019-07-29,-110046.0,100000.0,80000.0,70000.0,150000.0,0.0
2019-07-30,0.0,375000.0,80000.0,150000.0,100000.0,50000.0
2019-07-31,0.0,0.0,0.0,0.0,300000.0,325000.0
2019-08-01,-50000.0,0.0,80000.0,100000.0,999948.0,0.0
2019-08-02,-30000.0,25000.0,90000.0,100000.0,50000.0,-290000.0
2019-08-05,0.0,200000.0,50000.0,130000.0,280000.0,50020.0
2019-08-06,-80056.0,100000.0,180000.0,29988.0,170000.0,150000.0
2019-08-07,0.0,150000.0,0.0,130000.0,60000.0,0.0
2019-08-08,-100000.0,25000.0,90000.0,260000.0,0.0,100000.0
2019-08-09,0.0,100000.0,0.0,0.0,0.0,100000.0
2019-08-12,-220110.0,150000.0,0.0,50000.0,120000.0,50000.0
2019-08-13,0.0,175000.0,0.0,-79676.0,190000.0,75000.0
2019-08-14,0.0,149979.0,100000.0,0.0,80000.0,50000.0
2019-08-15,29964.0,50000.0,0.0,29960.0,600000.0,-50000.0
2019-08-16,0.0,575000.0,0.0,50000.0,120000.0,-50028.0
2019-08-19,0.0,50000.0,110000.0,60000.0,0.0,-31.0
2019-08-20,0.0,100000.0,0.0,0.0,0.0,75000.0
2019-08-21,-50004.0,0.0,30000.0,250000.0,0.0,0.0
2019-08-22,-109994.0,150000.0,0.0,160000.0,200000.0,0.0
2019-08-23,0.0,0.0,0.0,250000.0,0.0,-20050.0
2019-08-26,0.0,0.0,0.0,-62896.0,0.0,105508.0
2019-08-27,-170014.0,75000.0,0.0,450000.0,150000.0,-75083.0
2019-08-28,0.0,-50000.0,0.0,250000.0,90000.0,75000.0
2019-08-29,-50000.0,100000.0,-50000.0,300000.0,80000.0,25000.0
2019-08-30,-40000.0,125000.0,0.0,50000.0,50000.0,50000.0
2019-09-03,99982.0,100000.0,0.0,0.0,0.0,0.0
2019-09-04,150000.0,0.0,50000.0,290000.0,-30028.0,-25061.0
2019-09-05,-60000.0,250000.0,-50046.0,0.0,-50038.0,-50001.0
2019-09-06,0.0,0.0,0.0,50000.0,-100068.0,0.0
2019-09-09,-50054.0,50000.0,0.0,0.0,0.0,0.0
2019-09-10,-320026.0,25000.0,0.0,370000.0,-210098.0,25000.0
2019-09-11,-50000.0,0.0,0.0,50000.0,0.0,75000.0
2019-09-12,0.0,0.0,0.0,0.0,0.0,75000.0
2019-09-13,-80000.0,0.0,0.0,180000.0,-120030.0,0.0
2019-09-16,0.0,-25000.0,150000.0,300000.0,0.0,50000.0
2019-09-17,0.0,25000.0,-150048.0,200000.0,0.0,50000.0
2019-09-18,-200056.0,25000.0,0.0,150000.0,-200056.0,0.0
2019-09-19,0.0,-150070.0,0.0,0.0,0.0,-249948.0
2019-09-20,-480840.0,200000.0,0.0,60000.0,-210110.0,100000.0
2019-09-23,0.0,424986.0,0.0,0.0,0.0,75000.0
2019-09-24,-350040.0,200000.0,0.0,350000.0,0.0,-24997.0
2019-09-25,-150000.0,125000.0,0.0,0.0,0.0,0.0
2019-09-26,-60020.0,25000.0,260000.0,-90010.0,0.0,50000.0
2019-09-27,-50000.0,25000.0,0.0,0.0,0.0,0.0
2019-09-30,-150000.0,125000.0,130000.0,0.0,0.0,-25017.0
2019-10-01,-200074.0,100000.0,50000.0,100000.0,-20038.0,50000.0
2019-10-02,-100000.0,100000.0,30000.0,0.0,0.0,0.0
2019-10-03,-450008.0,400000.0,150000.0,-118416.0,0.0,25000.0
2019-10-04,0.0,-25012.0,0.0,0.0,0.0,175000.0
2019-10-07,0.0,75000.0,60000.0,0.0,60000.0,0.0
2019-10-08,-300004.0,100000.0,100000.0,-50016.0,0.0,100000.0
2019-10-09,0.0,175000.0,0.0,0.0,0.0,100000.0
2019-10-10,0.0,50000.0,100000.0,50000.0,0.0,0.0
2019-10-11,0.0,75000.0,0.0,0.0,0.0,75000.0
2019-10-14,0.0,0.0,0.0,0.0,0.0,550000.0
2019-10-15,-140108.0,250000.0,-70000.0,-50050.0,30000.0,0.0
2019-10-16,0.0,0.0,0.0,0.0,0.0,75000.0
2019-10-17,-50024.0,100000.0,0.0,0.0,0.0,50000.0
2019-10-18,-110012.0,-23.0,50000.0,0.0,-90060.0,175000.0
2019-10-21,-150024.0,100000.0,0.0,-30046.0,50000.0,0.0
2019-10-22,-50012.0,100000.0,0.0,100000.0,0.0,120000.0
2019-10-23,0.0,0.0,0.0,0.0,0.0,100000.0
2019-10-24,0.0,50000.0,420000.0,0.0,-30072.0,0.0
2019-10-25,0.0,50000.0,0.0,-70066.0,-120086.0,160000.0
2019-10-28,-270040.0,175000.0,0.0,0.0,120000.0,100000.0
2019-10-29,-50000.0,75000.0,260000.0,50000.0,0.0,25000.0
2019-10-30,-170000.0,375000.0,0.0,0.0,-50000.0,59934.0
2019-10-31,-100000.0,50000.0,0.0,100000.0,0.0,35000.0
2019-11-01,0.0,0.0,0.0,150000.0,0.0,75000.0
2019-11-04,-200000.0,50000.0,80000.0,100000.0,0.0,0.0
2019-11-05,-119996.0,125000.0,0.0,50000.0,-30000.0,70000.0
2019-11-06,-150056.0,75000.0,30000.0,50000.0,0.0,110000.0
2019-11-07,0.0,50000.0,-50048.0,200000.0,-60052.0,50000.0
2019-11-08,-311244.0,100000.0,0.0,50000.0,0.0,0.0
2019-11-11,0.0,350000.0,0.0,0.0,0.0,160000.0
2019-11-12,0.0,0.0,0.0,50000.0,0.0,0.0
2019-11-13,0.0,100000.0,0.0,210000.0,0.0,-20000.0
2019-11-14,-250042.0,250000.0,50000.0,210000.0,-150110.0,35000.0
2019-11-15,-150000.0,75000.0,0.0,0.0,100000.0,299995.0
2019-11-18,-50004.0,0.0,0.0,100000.0,-62.0,-25000.0
2019-11-19,-439994.0,150000.0,180000.0,530000.0,-12.0,305000.0
2019-11-20,-100010.0,50000.0,80000.0,50000.0,50000.0,30000.0
2019-11-21,-150024.0,525000.0,0.0,200000.0,0.0,0.0
2019-11-22,-480000.0,0.0,190000.0,180000.0,-30218.0,155000.0
2019-11-25,-54.0,0.0,230000.0,100000.0,0.0,-75000.0
2019-11-26,-150000.0,0.0,0.0,250000.0,-180000.0,100000.0
2019-11-27,0.0,0.0,0.0,0.0,150000.0,35000.0
2019-12-02,-100000.0,100000.0,0.0,100000.0,50000.0,75000.0
2019-12-03,-330000.0,250000.0,80000.0,180000.0,-35000.0,0.0
2019-12-04,-150100.0,-75027.0,150000.0,380000.0,200000.0,0.0
2019-12-05,0.0,100000.0,50000.0,0.0,0.0,85000.0
2019-12-06,-150012.0,40000.0,50000.0,100000.0,0.0,0.0
2019-12-09,-80000.0,0.0,50000.0,300000.0,0.0,0.0
2019-12-10,-80122.0,75000.0,50000.0,100000.0,0.0,0.0
2019-12-11,-50040.0,25000.0,100000.0,50000.0,-14.0,160000.0
2019-12-12,-240004.0,-25024.0,60000.0,330000.0,-80086.0,100000.0
2019-12-13,-49996.0,0.0,0.0,350000.0,0.0,0.0
2019-12-16,0.0,250000.0,0.0,50000.0,0.0,484996.0
2019-12-17,0.0,0.0,200000.0,530000.0,-30034.0,170000.0
2019-12-18,50000.0,-20.0,-150058.0,29998.0,0.0,325000.0
2019-12-19,-44.0,300000.0,0.0,0.0,-80144.0,55000.0
2019-12-20,-550034.0,11.0,0.0,-100102.0,-50052.0,440000.0
2019-12-23,-200000.0,75000.0,32000.0,0.0,0.0,250000.0
2019-12-26,-250000.0,0.0,70000.0,0.0,-150000.0,0.0
2019-12-27,0.0,0.0,0.0,0.0,100000.0,55000.0
2019-12-30,-4.0,175000.0,0.0,0.0,50000.0,0.0
2019-12-31,-50000.0,150000.0,0.0,-140026.0,0.0,100000.0
2020-01-02,-250000.0,50000.0,-30034.0,0.0,-80000.0,0.0
2020-01-03,-50000.0,225000.0,0.0,0.0,0.0,0.0
2020-01-04,0.0,0.0,0.0,0.0,0.0,30000.0
2020-01-06,-50000.0,75000.0,0.0,0.0,0.0,75000.0
2020-01-07,-30002.0,75000.0,0.0,50000.0,-50086.0,0.0
2020-01-08,0.0,0.0,0.0,50000.0,0.0,235000.0
2020-01-09,0.0,100000.0,0.0,0.0,0.0,60000.0
2020-01-10,-60014.0,150000.0,0.0,200000.0,-50036.0,225000.0
2020-01-13,0.0,150000.0,-80048.0,60000.0,-28.0,160000.0
2020-01-14,0.0,200000.0,0.0,0.0,0.0,155000.0
2020-01-15,0.0,50000.0,0.0,0.0,0.0,85000.0
2020-01-16,0.0,0.0,0.0,0.0,0.0,40000.0
2020-01-17,0.0,150000.0,0.0,400020.0,99976.0,100000.0
2020-01-21,0.0,300000.0,0.0,300000.0,-150022.0,310000.0
2020-01-22,0.0,100000.0,0.0,50000.0,0.0,0.0
2020-01-23,-200000.0,0.0,230000.0,180000.0,0.0,50000.0
2020-01-24,0.0,100000.0,0.0,0.0,0.0,0.0
2020-01-27,-14.0,125000.0,0.0,100000.0,0.0,-25032.0
2020-01-28,0.0,475000.0,0.0,0.0,0.0,30000.0
2020-01-29,-120000.0,50000.0,0.0,300000.0,80000.0,0.0
2020-01-30,0.0,0.0,0.0,0.0,0.0,125000.0
2020-01-31,-50000.0,-25010.0,0.0,0.0,0.0,30000.0
2020-02-03,0.0,100000.0,50000.0,250000.0,100000.0,225000.0
2020-02-04,-200000.0,225000.0,0.0,50000.0,30000.0,0.0
2020-02-05,0.0,0.0,0.0,4.0,0.0,0.0
2020-02-06,-400100.0,75000.0,0.0,0.0,-300222.0,0.0
2020-02-07,-100000.0,150000.0,0.0,0.0,0.0,35000.0
2020-02-10,0.0,175000.0,0.0,0.0,0.0,50000.0
2020-02-11,0.0,50000.0,40002.0,90006.0,-280126.0,4.0
2020-02-12,-930016.0,0.0,-90000.0,90560.0,0.0,-195003.0
2020-02-13,-150014.0,225000.0,-89976.0,0.0,0.0,-49947.0
2020-02-14,0.0,225000.0,0.0,0.0,0.0,0.0
2020-02-18,-50074.0,275000.0,0.0,0.0,0.0,29992.0
2020-02-19,-460222.0,0.0,0.0,100020.0,0.0,154996.0
2020-02-20,-150170.0,0.0,0.0,0.0,0.0,0.0
2020-02-21,0.0,149966.0,0.0,50006.0,0.0,60000.0
2020-02-24,-100000.0,75000.0,-60026.0,49996.0,0.0,75000.0
2020-02-25,-250004.0,0.0,0.0,80296.0,0.0,0.0
2020-02-26,-150058.0,150000.0,0.0,0.0,0.0,-75000.0
2020-02-27,0.0,25000.0,0.0,150030.0,0.0,210000.0
2020-02-28,0.0,100000.0,0.0,0.0,0.0,0.0
2020-03-02,-80008.0,550000.0,0.0,0.0,50046.0,0.0
2020-03-03,0.0,0.0,0.0,250112.0,0.0,60000.0
2020-03-04,46.0,0.0,0.0,0.0,0.0,0.0
2020-03-05,-80000.0,0.0,-40076.0,256016.0,-120024.0,349995.0
2020-03-06,0.0,249999.0,0.0,50020.0,0.0,349992.0
2020-03-09,100008.0,200000.0,0.0,80012.0,0.0,75000.0
2020-03-10,250080.0,25000.0,0.0,0.0,0.0,250000.0
2020-03-11,99986.0,25000.0,-80100.0,80014.0,100036.0,100000.0
2020-03-12,-50076.0,0.0,0.0,0.0,200082.0,0.0
2020-03-13,0.0,-50009.0,0.0,0.0,0.0,375001.0
2020-03-16,0.0,100000.0,0.0,0.0,0.0,125000.0
2020-03-17,-140040.0,50000.0,120034.0,0.0,50018.0,50000.0
2020-03-18,100084.0,150000.0,49992.0,0.0,100004.0,125000.0
2020-03-19,0.0,0.0,0.0,0.0,0.0,225000.0
2020-03-20,100018.0,-49997.0,0.0,0.0,0.0,0.0
2020-03-23,80062.0,0.0,0.0,0.0,-20018.0,250000.0
2020-03-24,0.0,-49989.0,50024.0,0.0,50030.0,50000.0
2020-03-25,-70010.0,0.0,79994.0,50010.0,50024.0,165000.0
2020-03-26,-50000.0,-47.0,100048.0,0.0,0.0,50000.0
2020-03-27,-100016.0,-25000.0,0.0,139998.0,100014.0,0.0
2020-03-30,0.0,-25028.0,0.0,0.0,0.0,60000.0
2020-03-31,4.0,0.0,0.0,30028.0,0.0,374998.0
2020-04-01,80014.0,0.0,0.0,0.0,0.0,0.0
2020-04-02,-99970.0,-25000.0,0.0,0.0,0.0,35000.0
2020-04-03,100022.0,0.0,50002.0,60374.0,50002.0,0.0
2020-04-06,500070.0,0.0,0.0,0.0,0.0,209993.0
2020-04-07,0.0,-50017.0,50014.0,150160.0,200048.0,449969.0
2020-04-08,0.0,0.0,100046.0,250096.0,0.0,0.0
2020-04-09,-70010.0,75000.0,50004.0,0.0,0.0,85000.0
2020-04-13,0.0,-33.0,0.0,250222.0,-50038.0,250000.0
2020-04-14,-49986.0,0.0,30022.0,300012.0,0.0,25000.0
2020-04-15,-99924.0,0.0,0.0,79996.0,0.0,235000.0
2020-04-16,-70000.0,0.0,0.0,0.0,0.0,50000.0
2020-04-17,0.0,0.0,49998.0,0.0,0.0,175000.0
2020-04-20,46.0,0.0,100004.0,30000.0,0.0,0.0
2020-04-21,0.0,0.0,0.0,50008.0,-50034.0,75000.0
2020-04-22,-99610.0,0.0,0.0,0.0,0.0,525008.0
2020-04-23,-50000.0,0.0,60018.0,0.0,-150062.0,75000.0
2020-04-24,-250002.0,0.0,0.0,10036.0,0.0,35000.0
2020-04-27,-200078.0,0.0,0.0,0.0,0.0,100000.0
2020-04-28,-250046.0,0.0,0.0,0.0,0.0,50000.0
2020-04-29,-50004.0,0.0,0.0,0.0,0.0,310000.0
2020-04-30,-50000.0,-25000.0,100098.0,0.0,-80078.0,0.0
2020-05-01,40.0,0.0,0.0,0.0,-40.0,0.0
2020-05-04,-250000.0,0.0,29990.0,-150048.0,-99992.0,235000.0
2020-05-05,-49992.0,0.0,0.0,-100008.0,-100048.0,135000.0
2020-05-06,-100000.0,0.0,0.0,0.0,0.0,60000.0
2020-05-07,-50000.0,0.0,50004.0,-50030.0,-150018.0,200000.0
2020-05-08,-500022.0,0.0,0.0,0.0,0.0,0.0
2020-05-11,-400014.0,0.0,-100098.0,0.0,0.0,-140000.0
2020-05-12,-201464.0,0.0,0.0,-50004.0,0.0,-50031.0
2020-05-13,-150000.0,0.0,50000.0,99808.0,-150052.0,0.0
2020-05-15,-299964.0,0.0,0.0,50000.0,0.0,50023.0
2020-05-18,0.0,0.0,0.0,330296.0,0.0,290078.0
2020-05-19,-150004.0,25000.0,0.0,150086.0,150078.0,25014.0
2020-05-20,-200006.0,0.0,150016.0,0.0,-70142.0,125061.0
2020-05-21,-50000.0,25000.0,0.0,30034.0,0.0,450210.0
2020-05-22,-150010.0,49975.0,50012.0,100076.0,0.0,0.0
2020-05-26,-30030.0,0.0,0.0,150056.0,0.0,-13053.0
2020-05-27,0.0,150038.0,0.0,0.0,0.0,700242.0
2020-05-28,0.0,0.0,0.0,0.0,300200.0,0.0
2020-05-29,0.0,0.0,0.0,50062.0,250098.0,24995.0
2020-06-01,0.0,0.0,150070.0,100088.0,100062.0,350046.0
2020-06-02,0.0,0.0,100038.0,30054.0,0.0,225014.0
2020-06-03,-50060.0,74996.0,0.0,0.0,0.0,0.0
2020-06-04,0.0,0.0,300068.0,50018.0,330102.0,0.0
2020-06-05,-100000.0,0.0,0.0,200274.0,0.0,135047.0
2020-06-08,-50010.0,600060.0,0.0,0.0,0.0,300094.0
2020-06-09,0.0,0.0,0.0,50002.0,0.0,0.0
2020-06-10,-500688.0,0.0,0.0,199934.0,100044.0,0.0
2020-06-11,-149982.0,0.0,100044.0,0.0,0.0,274979.0
2020-06-12,0.0,0.0,150082.0,50002.0,-50012.0,0.0
2020-06-15,0.0,0.0,0.0,0.0,-99992.0,0.0
2020-06-16,34.0,0.0,200078.0,200100.0,-100020.0,0.0
2020-06-17,0.0,150038.0,0.0,50030.0,-50046.0,50003.0
2020-06-18,0.0,474969.0,0.0,0.0,-50060.0,275192.0
2020-06-19,-200010.0,0.0,50018.0,700238.0,0.0,0.0
2020-06-22,100044.0,99990.0,150136.0,80032.0,-50012.0,50019.0
2020-06-23,0.0,0.0,50024.0,49840.0,0.0,425047.0
2020-06-24,-400050.0,0.0,100060.0,-123020.0,100068.0,0.0
2020-06-25,49952.0,0.0,150048.0,150004.0,100056.0,-24832.0
2020-06-26,0.0,0.0,0.0,0.0,0.0,75040.0
2020-06-29,-50000.0,0.0,0.0,49998.0,0.0,200033.0
2020-06-30,-250014.0,0.0,150046.0,6.0,200090.0,75058.0
2020-07-01,-100000.0,24993.0,0.0,-178.0,100020.0,125053.0
2020-07-02,0.0,0.0,0.0,0.0,0.0,575754.0
2020-07-06,-300000.0,0.0,100022.0,280214.0,50022.0,0.0
2020-07-07,-80000.0,0.0,0.0,150094.0,50018.0,425128.0
2020-07-08,0.0,0.0,-50056.0,100038.0,0.0,150084.0
2020-07-09,-200000.0,0.0,50034.0,0.0,-150154.0,-75018.0
2020-07-10,-100000.0,0.0,49994.0,50210.0,0.0,50028.0
2020-07-13,50016.0,0.0,100028.0,0.0,0.0,675377.0
2020-07-15,0.0,0.0,0.0,199408.0,50040.0,49882.0
2020-07-16,-100000.0,0.0,0.0,130030.0,50032.0,325075.0
2020-07-20,-199994.0,275219.0,130006.0,180064.0,0.0,0.0
2020-07-21,-199986.0,0.0,0.0,100006.0,0.0,275122.0
2020-07-22,-49994.0,50004.0,0.0,50158.0,-50018.0,-50005.0
2020-07-23,-150530.0,0.0,100016.0,480258.0,100028.0,75073.0
2020-07-24,0.0,75040.0,0.0,100010.0,50028.0,0.0
2020-07-27,0.0,0.0,0.0,16.0,0.0,200157.0
2020-07-28,0.0,0.0,80040.0,50002.0,0.0,0.0
2020-07-29,0.0,-25014.0,-80186.0,199948.0,50022.0,100015.0
2020-07-30,0.0,0.0,0.0,0.0,150092.0,335061.0
2020-07-31,0.0,0.0,0.0,250950.0,100042.0,0.0
2020-08-03,0.0,-25004.0,0.0,0.0,50034.0,0.0
2020-08-04,-250016.0,0.0,-40024.0,0.0,0.0,0.0
2020-08-05,0.0,0.0,0.0,49748.0,0.0,0.0
2020-08-06,-50000.0,0.0,0.0,150098.0,150056.0,0.0
2020-08-07,-150000.0,0.0,0.0,50038.0,200094.0,0.0
2020-08-10,-500160.0,0.0,50014.0,148096.0,150056.0,309995.0
2020-08-11,-100000.0,0.0,50024.0,0.0,0.0,-74939.0
2020-08-12,0.0,0.0,49990.0,10000.0,0.0,50009.0
2020-08-13,-550172.0,-25004.0,50024.0,150116.0,0.0,0.0
2020-08-14,0.0,0.0,0.0,0.0,0.0,50039.0
2020-08-17,0.0,0.0,0.0,0.0,0.0,175033.0
2020-08-18,0.0,0.0,0.0,0.0,0.0,0.0
2020-08-19,-300908.0,0.0,50000.0,30018.0,-30088.0,50013.0
2020-08-20,0.0,25013.0,0.0,0.0,0.0,325045.0
2020-08-21,0.0,0.0,100020.0,0.0,0.0,24996.0
2020-08-24,-260634.0,0.0,80036.0,119984.0,-30068.0,225036.0
2020-08-25,-200174.0,0.0,0.0,-597562.0,0.0,-475073.0
2020-08-26,-150032.0,411.0,0.0,50002.0,0.0,75035.0
2020-08-27,-199966.0,25002.0,0.0,0.0,50032.0,50010.0
2020-08-28,50056.0,25002.0,80068.0,50024.0,50034.0,375004.0
2020-08-31,46.0,0.0,50016.0,50032.0,-250192.0,50004.0
2020-09-01,-50020.0,0.0,0.0,0.0,0.0,-100015.0
2020-09-02,0.0,25063.0,0.0,200204.0,-200050.0,-49995.0
2020-09-03,-100000.0,0.0,0.0,0.0,-100026.0,25015.0
2020-09-04,0.0,0.0,0.0,50032.0,0.0,0.0
2020-09-08,50030.0,0.0,0.0,0.0,0.0,125002.0
2020-09-09,-150000.0,0.0,50012.0,250072.0,0.0,-150021.0
2020-09-10,200258.0,25020.0,20000.0,50002.0,-130060.0,0.0
2020-09-11,180192.0,0.0,0.0,100170.0,0.0,74313.0
2020-09-14,99882.0,0.0,50014.0,0.0,0.0,75042.0
2020-09-15,50000.0,25030.0,0.0,100028.0,0.0,0.0
2020-09-16,0.0,549956.0,0.0,200070.0,-150004.0,0.0
2020-09-17,-49960.0,0.0,0.0,-80756.0,-200140.0,24995.0
2020-09-18,0.0,0.0,-50008.0,280092.0,0.0,-49993.0
2020-09-21,0.0,99996.0,0.0,0.0,0.0,0.0
2020-09-22,-146928.0,0.0,0.0,170024.0,0.0,-75156.0
2020-09-23,-60000.0,75014.0,0.0,300096.0,0.0,26003.0
2020-09-24,-382544.0,50006.0,0.0,130086.0,0.0,0.0
2020-09-25,0.0,50008.0,0.0,0.0,0.0,0.0
2020-09-28,-450188.0,99964.0,0.0,138396.0,-250418.0,-125048.0
2020-09-29,-30000.0,25001.0,0.0,100030.0,-60038.0,0.0
2020-09-30,-16.0,-25004.0,0.0,100038.0,0.0,0.0
2020-10-01,-20000.0,0.0,0.0,100030.0,0.0,0.0
2020-10-02,-80032.0,0.0,0.0,230088.0,-160054.0,0.0
2020-10-05,-170018.0,0.0,0.0,0.0,0.0,49917.0
2020-10-06,0.0,0.0,0.0,-262.0,0.0,-74984.0
2020-10-07,-160058.0,0.0,150558.0,310574.0,-160030.0,0.0
2020-10-08,0.0,0.0,70026.0,70022.0,0.0,0.0
2020-10-09,49992.0,-74915.0,0.0,0.0,0.0,50003.0
2020-10-12,0.0,0.0,0.0,0.0,0.0,74997.0
2020-10-13,-430196.0,0.0,150084.0,230570.0,-330178.0,0.0
2020-10-14,50024.0,149994.0,0.0,312176.0,0.0,0.0
2020-10-15,50084.0,0.0,0.0,0.0,-150114.0,25003.0
2020-10-16,-40000.0,0.0,90020.0,210188.0,-170102.0,250177.0
2020-10-19,30044.0,125042.0,0.0,300058.0,0.0,0.0
2020-10-20,-16.0,50006.0,100390.0,97446.0,0.0,0.0
2020-10-21,-440086.0,0.0,80032.0,560090.0,-240118.0,50007.0
2020-10-22,32.0,24996.0,0.0,0.0,0.0,0.0
2020-10-23,50026.0,0.0,50000.0,100036.0,0.0,0.0
2020-10-26,0.0,100006.0,79470.0,110026.0,-350028.0,24996.0
2020-10-27,-150072.0,0.0,50014.0,100022.0,0.0,75072.0
2020-10-28,0.0,0.0,0.0,190052.0,0.0,0.0
2020-10-29,50004.0,25004.0,0.0,0.0,0.0,0.0
2020-10-30,0.0,0.0,50020.0,70008.0,0.0,-50020.0
2020-11-02,0.0,25098.0,0.0,320224.0,-159650.0,0.0
2020-11-03,0.0,49926.0,199978.0,0.0,-120084.0,0.0
2020-11-05,-170540.0,25006.0,190062.0,369514.0,-260066.0,300088.0
2020-11-06,0.0,0.0,101932.0,55008.0,0.0,0.0
2020-11-09,-300010.0,100038.0,230094.0,100024.0,-310040.0,0.0
2020-11-10,0.0,50043.0,49996.0,180034.0,0.0,300052.0
2020-11-11,0.0,24996.0,0.0,50052.0,0.0,0.0
2020-11-12,-230080.0,0.0,0.0,100070.0,-330070.0,74994.0
2020-11-13,0.0,150040.0,160096.0,117006.0,0.0,0.0
2020-11-16,50086.0,0.0,150038.0,250118.0,0.0,25012.0
2020-11-17,50000.0,25000.0,0.0,50016.0,0.0,24999.0
2020-11-18,-220030.0,49973.0,200088.0,270032.0,-110034.0,50004.0
2020-11-19,-406.0,200023.0,80028.0,100020.0,0.0,150075.0
2020-11-20,0.0,0.0,130138.0,120028.0,0.0,-50006.0
2020-11-23,-49988.0,0.0,80280.0,100006.0,-150050.0,150031.0
2020-11-24,0.0,0.0,130052.0,120212.0,0.0,0.0
2020-11-30,0.0,75049.0,0.0,0.0,0.0,25009.0
2020-12-01,-150000.0,24995.0,100060.0,219942.0,-220088.0,225030.0
2020-12-02,0.0,0.0,30030.0,0.0,0.0,0.0
2020-12-03,0.0,274910.0,150048.0,0.0,0.0,0.0
2020-12-04,0.0,0.0,0.0,30016.0,-120076.0,50010.0
2020-12-07,0.0,0.0,180128.0,470194.0,-100044.0,225059.0
2020-12-08,0.0,174957.0,0.0,49992.0,0.0,0.0
2020-12-09,50030.0,200104.0,0.0,0.0,-130180.0,75007.0
2020-12-10,-50018.0,25005.0,160348.0,0.0,-100088.0,250367.0
2020-12-11,0.0,250163.0,0.0,0.0,0.0,23.0
2020-12-14,0.0,0.0,0.0,0.0,0.0,49993.0
2020-12-15,0.0,0.0,50012.0,75012.0,-430164.0,375007.0
2020-12-16,50034.0,100038.0,80052.0,160066.0,-50016.0,0.0
2020-12-17,0.0,149962.0,0.0,-114.0,0.0,100007.0
2020-12-18,50030.0,99964.0,0.0,100024.0,0.0,355003.0
2020-12-21,-100000.0,100163.0,0.0,200546.0,-250020.0,25035.0
2020-12-22,0.0,0.0,0.0,349926.0,0.0,74992.0
2020-12-23,0.0,0.0,0.0,0.0,0.0,25000.0
2020-12-28,-249990.0,225002.0,30012.0,420280.0,-310030.0,0.0
2020-12-29,0.0,0.0,80070.0,0.0,0.0,100019.0
2020-12-30,4.0,198942.0,50028.0,49984.0,-260046.0,0.0
2020-12-31,150000.0,0.0,80020.0,0.0,0.0,0.0
2021-01-04,-399864.0,49994.0,50004.0,-49912.0,0.0,0.0
2021-01-05,-100000.0,0.0,50006.0,0.0,0.0,75000.0
2021-01-06,-440230.0,124940.0,180130.0,99350.0,-240074.0,0.0
2021-01-07,0.0,200128.0,0.0,0.0,0.0,0.0
2021-01-08,-550052.0,0.0,30028.0,50004.0,0.0,74993.0
2021-01-11,-260000.0,125014.0,190084.0,59998.0,-240058.0,0.0
2021-01-12,-50000.0,50022.0,0.0,-14.0,-330032.0,0.0
2021-01-13,-71524.0,0.0,80058.0,96006.0,0.0,75016.0
2021-01-14,0.0,150020.0,100040.0,0.0,0.0,0.0
2021-01-15,-12.0,0.0,0.0,100002.0,0.0,0.0
2021-01-19,59946.0,24996.0,230110.0,200026.0,-230062.0,74994.0
2021-01-20,0.0,124940.0,100022.0,150174.0,0.0,0.0
2021-01-22,0.0,125016.0,0.0,0.0,0.0,200011.0
2021-01-25,-520026.0,50007.0,100006.0,220018.0,-280030.0,50001.0
2021-01-26,0.0,0.0,30008.0,150066.0,0.0,0.0
2021-01-27,0.0,75024.0,0.0,0.0,0.0,0.0
2021-01-28,-170046.0,25002.0,200046.0,299932.0,-265832.0,200025.0
2021-01-29,-300008.0,25007.0,110058.0,470114.0,0.0,0.0
2021-02-01,0.0,100079.0,0.0,50106.0,0.0,0.0
2021-02-02,-459960.0,75006.0,150060.0,220022.0,-200052.0,25007.0
2021-02-03,149960.0,100084.0,60052.0,50006.0,0.0,275009.0
2021-02-04,0.0,100033.0,0.0,0.0,0.0,0.0
2021-02-05,0.0,0.0,0.0,50056.0,0.0,0.0
2021-02-08,-150032.0,0.0,50012.0,100028.0,-210070.0,300062.0
2021-02-09,-150000.0,200037.0,70022.0,100016.0,0.0,0.0
2021-02-10,0.0,125003.0,0.0,0.0,0.0,165046.0
2021-02-11,-430020.0,0.0,209994.0,150044.0,-230128.0,75180.0
2021-02-12,0.0,50004.0,0.0,100026.0,0.0,0.0
2021-02-16,0.0,0.0,0.0,0.0,0.0,99733.0
2021-02-17,0.0,11.0,0.0,-150176.0,0.0,-100189.0
2021-02-18,-100642.0,25027.0,0.0,0.0,-200090.0,0.0
2021-02-19,-350014.0,50003.0,90010.0,0.0,-50014.0,125007.0
2021-02-22,50006.0,-5.0,30016.0,200312.0,0.0,0.0
2021-02-23,0.0,0.0,0.0,70020.0,-180012.0,50003.0
2021-02-24,0.0,24980.0,0.0,100010.0,0.0,0.0
2021-02-25,-82.0,0.0,0.0,0.0,0.0,0.0
2021-02-26,0.0,0.0,0.0,0.0,0.0,274979.0
2021-03-01,-60034.0,0.0,0.0,120016.0,0.0,4.0
2021-03-02,-50016.0,224994.0,0.0,29966.0,0.0,0.0
2021-03-03,0.0,49997.0,0.0,0.0,0.0,75028.0
2021-03-04,-170006.0,25052.0,0.0,160066.0,-50022.0,-10002.0
2021-03-05,-50020.0,0.0,0.0,100004.0,800138.0,0.0
2021-03-08,0.0,75056.0,0.0,0.0,0.0,0.0
2021-03-09,-97384.0,0.0,59998.0,150052.0,190042.0,0.0
2021-03-10,-179896.0,0.0,49998.0,180236.0,0.0,24998.0
2021-03-11,0.0,50043.0,0.0,0.0,100026.0,-125007.0
2021-03-12,0.0,0.0,0.0,0.0,100022.0,0.0
2021-03-15,-400010.0,0.0,0.0,0.0,220058.0,0.0
2021-03-16,-170008.0,25039.0,90022.0,0.0,0.0,275095.0
2021-03-17,-152824.0,0.0,0.0,30016.0,200064.0,75001.0
2021-03-18,-100044.0,0.0,180086.0,-10.0,50020.0,-100043.0
2021-03-19,-400008.0,25003.0,100052.0,0.0,0.0,-100012.0
2021-03-22,-70002.0,0.0,50034.0,50008.0,200102.0,-180054.0
2021-03-23,0.0,0.0,80028.0,44.0,0.0,-25016.0
2021-03-24,-300064.0,0.0,370134.0,240020.0,200038.0,100017.0
2021-03-25,-50000.0,25005.0,0.0,80016.0,0.0,0.0
2021-03-26,-50004.0,25001.0,0.0,0.0,0.0,25004.0
2021-03-29,100058.0,0.0,50104.0,108.0,0.0,49994.0
2021-03-30,-380020.0,0.0,150072.0,150056.0,150100.0,0.0
2021-03-31,0.0,0.0,100014.0,0.0,350184.0,49974.0
2021-04-01,0.0,150037.0,0.0,0.0,0.0,0.0
2021-04-02,0.0,0.0,0.0,80042.0,0.0,0.0
2021-04-05,-359918.0,0.0,0.0,220140.0,380184.0,-49998.0
2021-04-06,50008.0,25000.0,0.0,0.0,-130062.0,0.0
2021-04-07,-99884.0,0.0,0.0,0.0,0.0,75042.0
2021-04-08,0.0,0.0,40048.0,200192.0,150066.0,125013.0
2021-04-09,-200038.0,0.0,-80094.0,0.0,50026.0,0.0
2021-04-12,62.0,100029.0,0.0,0.0,0.0,50019.0
2021-04-13,0.0,24994.0,-19974.0,100014.0,70018.0,75080.0
2021-04-14,-249978.0,49994.0,-70086.0,-29982.0,400028.0,0.0
2021-04-15,-199448.0,100010.0,0.0,-49994.0,280128.0,0.0
2021-04-16,-104740.0,0.0,0.0,50032.0,0.0,0.0
2021-04-19,-199962.0,25054.0,130006.0,170034.0,1200126.0,-8.0
2021-04-20,-149960.0,75003.0,50024.0,150034.0,651162.0,0.0
2021-04-21,-349956.0,0.0,0.0,0.0,1150770.0,25007.0
2021-04-22,0.0,24995.0,0.0,130032.0,100040.0,0.0
2021-04-23,-330020.0,0.0,130144.0,200064.0,240128.0,100022.0
2021-04-26,150048.0,50003.0,0.0,0.0,0.0,0.0
2021-04-27,-49996.0,174987.0,49998.0,0.0,0.0,-55059.0
2021-04-28,-50018.0,74992.0,50046.0,70038.0,150046.0,85039.0
2021-04-29,-100000.0,24979.0,0.0,50026.0,100048.0,0.0
2021-04-30,0.0,50009.0,0.0,0.0,100088.0,0.0
2021-05-03,-50000.0,75023.0,0.0,0.0,0.0,224976.0
2021-05-04,-280068.0,125008.0,100030.0,220112.0,300020.0,0.0
2021-05-05,-49982.0,0.0,150040.0,30032.0,550508.0,0.0
2021-05-06,-50000.0,125007.0,0.0,50020.0,250136.0,0.0
2021-05-10,0.0,75002.0,0.0,0.0,0.0,-100080.0
2021-05-11,0.0,0.0,100048.0,240198.0,0.0,0.0
2021-05-12,0.0,49998.0,50032.0,0.0,240384.0,0.0
2021-05-13,0.0,50029.0,100024.0,50002.0,100024.0,49998.0
2021-05-14,-60780.0,0.0,129904.0,180024.0,140058.0,0.0
2021-05-17,-50002.0,124986.0,120036.0,290182.0,149652.0,-74995.0
2021-05-18,-100062.0,50005.0,200044.0,0.0,50054.0,0.0
2021-05-19,0.0,150026.0,200080.0,-18.0,0.0,0.0
2021-05-20,100046.0,0.0,80026.0,-50038.0,220116.0,-49996.0
2021-05-21,0.0,200094.0,50018.0,0.0,50040.0,0.0
2021-05-24,0.0,0.0,330086.0,0.0,50024.0,0.0
2021-05-25,-70046.0,0.0,190036.0,200044.0,370190.0,-175079.0
2021-05-26,-149930.0,0.0,250024.0,0.0,0.0,0.0
2021-05-27,0.0,124999.0,199994.0,79992.0,299986.0,24961.0
2021-05-28,-149994.0,0.0,149968.0,0.0,60034.0,0.0
2021-06-01,199996.0,50000.0,0.0,0.0,0.0,175116.0
2021-06-02,0.0,75113.0,0.0,0.0,0.0,0.0
2021-06-03,0.0,0.0,340136.0,110028.0,0.0,0.0
2021-06-04,56.0,49997.0,0.0,0.0,0.0,150003.0
2021-06-07,-70000.0,74965.0,0.0,50000.0,0.0,-25000.0
2021-06-08,42.0,0.0,0.0,49976.0,0.0,0.0
2021-06-09,0.0,124997.0,50002.0,120040.0,50030.0,0.0
2021-06-10,50012.0,0.0,0.0,0.0,0.0,0.0
2021-06-11,0.0,0.0,0.0,0.0,0.0,0.0
2021-06-14,49414.0,74623.0,0.0,0.0,0.0,0.0
2021-06-16,0.0,0.0,50014.0,200306.0,100042.0,25008.0
2021-06-17,0.0,0.0,0.0,130042.0,250100.0,174570.0
2021-06-18,0.0,0.0,0.0,0.0,50022.0,-11.0
2021-06-21,0.0,50006.0,0.0,0.0,0.0,25009.0
2021-06-22,-299898.0,0.0,240172.0,220226.0,180082.0,149993.0
2021-06-23,0.0,0.0,0.0,0.0,0.0,200000.0
2021-06-24,0.0,0.0,0.0,80014.0,0.0,100004.0
2021-06-25,-260026.0,175049.0,200082.0,150074.0,350068.0,49848.0
2021-06-28,-100008.0,74994.0,100016.0,0.0,450160.0,135022.0
2021-06-29,-100012.0,125017.0,50000.0,0.0,0.0,35009.0
2021-06-30,-50000.0,49990.0,50002.0,110116.0,199946.0,0.0
2021-07-01,-430070.0,150088.0,70028.0,50000.0,130146.0,225021.0
2021-07-02,-149992.0,0.0,0.0,0.0,0.0,0.0
2021-07-06,-399890.0,75020.0,0.0,0.0,150028.0,0.0
2021-07-07,-349982.0,0.0,100050.0,60026.0,480130.0,125139.0
2021-07-08,-90008.0,0.0,0.0,-12.0,0.0,13.0
2021-07-09,-50000.0,0.0,0.0,49978.0,0.0,0.0
2021-07-12,-289520.0,50061.0,0.0,50016.0,100000.0,0.0
2021-07-13,-150000.0,24926.0,30002.0,0.0,330246.0,125034.0
2021-07-14,32.0,99981.0,0.0,2.0,50038.0,0.0
2021-07-15,-200054.0,0.0,89982.0,200034.0,250072.0,0.0
2021-07-16,0.0,50064.0,0.0,0.0,180106.0,167995.0
2021-07-19,49998.0,25019.0,0.0,150034.0,150052.0,90001.0
2021-07-20,-350016.0,49992.0,90022.0,20096.0,150024.0,0.0
2021-07-21,-149994.0,75015.0,0.0,0.0,180044.0,0.0
2021-07-22,0.0,74995.0,0.0,-62.0,90010.0,250015.0
2021-07-23,0.0,49996.0,0.0,0.0,0.0,0.0
2021-07-26,-279832.0,49995.0,150036.0,250118.0,550202.0,0.0
2021-07-27,0.0,0.0,0.0,50008.0,0.0,-100028.0
2021-07-28,0.0,50316.0,0.0,9986.0,0.0,0.0
2021-07-29,-350000.0,174982.0,100004.0,-52.0,510230.0,0.0
2021-07-30,-100000.0,75005.0,0.0,0.0,100054.0,0.0
2021-08-02,-49960.0,175114.0,0.0,0.0,0.0,-75022.0
2021-08-03,100236.0,150001.0,49994.0,50028.0,50006.0,225035.0
2021-08-04,0.0,125028.0,0.0,-50022.0,100000.0,0.0
2021-08-05,-200006.0,0.0,50004.0,300066.0,230016.0,50008.0
2021-08-06,0.0,0.0,0.0,-50028.0,0.0,139980.0
2021-08-09,50052.0,100006.0,0.0,10.0,0.0,100025.0
2021-08-10,-200036.0,0.0,150038.0,50000.0,79966.0,149709.0
2021-08-11,-50004.0,99995.0,99886.0,150110.0,0.0,25038.0
2021-08-12,0.0,49931.0,0.0,0.0,0.0,0.0
2021-08-13,0.0,24998.0,0.0,0.0,0.0,0.0
2021-08-16,-149240.0,125067.0,129982.0,30028.0,80040.0,75016.0
2021-08-17,-50058.0,84975.0,0.0,0.0,98444.0,100022.0
2021-08-18,-50050.0,50009.0,0.0,0.0,49798.0,0.0
2021-08-19,-49984.0,50002.0,0.0,50288.0,50002.0,0.0
2021-08-20,0.0,0.0,0.0,0.0,0.0,75026.0
2021-08-23,-30060.0,25004.0,0.0,0.0,0.0,0.0
2021-08-24,0.0,100015.0,0.0,0.0,30002.0,0.0
2021-08-25,-49674.0,25002.0,50014.0,-50082.0,-200092.0,50076.0
2021-08-26,-49802.0,50007.0,100012.0,0.0,0.0,0.0
2021-08-27,50036.0,0.0,0.0,0.0,0.0,17.0
2021-08-30,0.0,90027.0,0.0,50002.0,-100026.0,-125176.0
2021-08-31,0.0,-34955.0,100046.0,-100040.0,-299900.0,-74920.0
2021-09-01,0.0,0.0,50018.0,0.0,0.0,0.0
2021-09-02,50042.0,-50050.0,150094.0,-80046.0,-200018.0,50020.0
2021-09-03,-299970.0,0.0,0.0,-100014.0,-63586.0,74952.0
2021-09-07,-400144.0,0.0,80024.0,0.0,-150076.0,-75101.0
2021-09-08,-150390.0,99926.0,89998.0,50010.0,-360158.0,0.0
2021-09-09,-210012.0,0.0,200772.0,0.0,0.0,225020.0
2021-09-10,100034.0,0.0,0.0,0.0,0.0,100039.0
2021-09-13,-50008.0,25051.0,0.0,0.0,0.0,-20.0
2021-09-14,-100000.0,0.0,100040.0,139902.0,-290002.0,0.0
2021-09-15,-60014.0,50013.0,0.0,0.0,-100028.0,25008.0
2021-09-16,0.0,25009.0,0.0,30030.0,0.0,0.0
2021-09-17,-1288.0,0.0,0.0,0.0,0.0,0.0
2021-09-21,80036.0,75042.0,40018.0,0.0,-200050.0,150003.0
2021-09-22,-100032.0,25009.0,0.0,-50006.0,-120092.0,0.0
2021-09-23,70046.0,99997.0,100044.0,70022.0,0.0,75011.0
2021-09-24,-150000.0,0.0,50024.0,0.0,-360100.0,0.0
2021-09-27,100084.0,100024.0,0.0,0.0,0.0,100163.0
2021-09-28,-100000.0,175197.0,50000.0,70186.0,-300230.0,0.0
2021-09-29,-149986.0,0.0,70058.0,149740.0,0.0,75019.0
2021-09-30,50020.0,22754.0,50024.0,50012.0,0.0,-99998.0
2021-10-01,0.0,0.0,0.0,0.0,0.0,0.0
2021-10-04,150018.0,25077.0,0.0,0.0,0.0,0.0
2021-10-05,0.0,275029.0,40016.0,-50012.0,-150042.0,25008.0
2021-10-06,-149934.0,75115.0,0.0,0.0,-80068.0,150014.0
2021-10-07,-80026.0,50006.0,0.0,0.0,0.0,0.0
2021-10-08,0.0,50017.0,0.0,0.0,0.0,0.0
2021-10-11,110020.0,75026.0,0.0,-100028.0,-170032.0,149990.0
2021-10-12,-209012.0,74968.0,140068.0,-66.0,-99996.0,50008.0
2021-10-13,28.0,199992.0,0.0,0.0,0.0,0.0
2021-10-14,50022.0,50004.0,30024.0,0.0,0.0,50005.0
2021-10-15,0.0,174987.0,-50030.0,-50036.0,-170058.0,400072.0
2021-10-18,-120000.0,75140.0,0.0,0.0,-200046.0,0.0
2021-10-19,100066.0,0.0,0.0,0.0,0.0,0.0
2021-10-20,-200000.0,100028.0,0.0,0.0,0.0,0.0
2021-10-21,-200230.0,0.0,130036.0,270072.0,-360092.0,450047.0
2021-10-22,0.0,225100.0,0.0,70024.0,0.0,-100039.0
2021-10-25,100004.0,50002.0,40008.0,-100020.0,0.0,100026.0
2021-10-26,-50000.0,25008.0,250152.0,110136.0,-150032.0,200035.0
2021-10-27,-149976.0,-24997.0,0.0,0.0,-130046.0,225068.0
2021-10-28,0.0,124434.0,0.0,0.0,0.0,50018.0
2021-10-29,-400056.0,0.0,0.0,0.0,-200176.0,0.0
2021-11-01,-50000.0,75007.0,0.0,0.0,-100184.0,0.0
2021-11-02,-100000.0,150030.0,0.0,0.0,0.0,225023.0
2021-11-03,0.0,0.0,0.0,0.0,0.0,-25000.0
2021-11-04,50030.0,125017.0,0.0,0.0,-250114.0,50014.0
2021-11-05,0.0,125002.0,0.0,0.0,0.0,25019.0
2021-11-08,100078.0,300029.0,0.0,0.0,-330210.0,-49996.0
2021-11-09,-460010.0,200005.0,50012.0,50006.0,-49980.0,25011.0
2021-11-10,-50002.0,100007.0,0.0,50006.0,0.0,75028.0
2021-11-11,49990.0,125015.0,0.0,134064.0,0.0,-24991.0
2021-11-15,46.0,125055.0,0.0,0.0,-350084.0,-100017.0
2021-11-16,50000.0,200064.0,30024.0,0.0,0.0,0.0
2021-11-17,0.0,-75023.0,0.0,-100024.0,0.0,0.0
2021-11-18,-149592.0,-49980.0,0.0,0.0,-350138.0,50048.0
2021-11-19,0.0,0.0,50030.0,0.0,0.0,225047.0
2021-11-22,-50002.0,150021.0,0.0,0.0,-300592.0,-125032.0
2021-11-23,-40016.0,150047.0,0.0,50030.0,-50028.0,9.0
2021-11-24,0.0,0.0,-30042.0,100032.0,0.0,-125055.0
2021-11-29,-150002.0,75003.0,0.0,0.0,0.0,0.0
2021-11-30,-800052.0,300038.0,0.0,0.0,-150122.0,50000.0
2021-12-01,0.0,24996.0,120048.0,-50016.0,0.0,-125019.0
2021-12-02,-200000.0,224952.0,0.0,50016.0,-150072.0,-50020.0
2021-12-03,-100002.0,0.0,0.0,300380.0,0.0,0.0
2021-12-06,0.0,100008.0,0.0,150032.0,-100026.0,50010.0
2021-12-07,0.0,50001.0,50024.0,0.0,0.0,125065.0
2021-12-08,0.0,150085.0,0.0,80028.0,-200070.0,0.0
2021-12-09,-249978.0,0.0,0.0,50034.0,-49996.0,75035.0
2021-12-10,0.0,0.0,0.0,0.0,0.0,250067.0
2021-12-13,0.0,0.0,0.0,200042.0,-100032.0,275044.0
2021-12-14,249998.0,175057.0,0.0,0.0,0.0,25000.0
2021-12-15,-200004.0,250134.0,0.0,100054.0,-450180.0,125008.0
2021-12-16,-100000.0,0.0,50028.0,0.0,0.0,-50021.0
2021-12-17,-50000.0,225018.0,100026.0,190012.0,0.0,40025.0
2021-12-20,102.0,0.0,50016.0,0.0,-150094.0,25048.0
2021-12-21,-50000.0,0.0,0.0,150082.0,0.0,50000.0
2021-12-22,0.0,100003.0,0.0,0.0,0.0,-50030.0
2021-12-23,-200000.0,0.0,0.0,0.0,0.0,-100018.0
2021-12-27,-100000.0,0.0,0.0,0.0,-250434.0,-125032.0
2021-12-28,100000.0,150003.0,0.0,160040.0,0.0,0.0
2021-12-29,0.0,24994.0,0.0,0.0,0.0,50007.0
2021-12-30,0.0,0.0,0.0,0.0,-250010.0,0.0
2022-01-03,-350074.0,-7.0,0.0,0.0,-199994.0,-150003.0
2022-01-04,-550116.0,100150.0,0.0,0.0,-500116.0,25001.0
2022-01-05,-449998.0,100031.0,50016.0,300078.0,0.0,-25005.0
2022-01-06,-50034.0,0.0,0.0,0.0,-50032.0,-25001.0
2022-01-07,-200030.0,0.0,0.0,0.0,0.0,24999.0
2022-01-10,-50000.0,75006.0,0.0,0.0,0.0,0.0
2022-01-11,-100008.0,150010.0,50012.0,280230.0,-50230.0,-25000.0
2022-01-12,-50000.0,125094.0,0.0,0.0,0.0,-50002.0
2022-01-13,-50000.0,125022.0,0.0,0.0,-100084.0,-49997.0
2022-01-14,-50000.0,25001.0,0.0,-49998.0,0.0,0.0
2022-01-18,-50000.0,0.0,0.0,0.0,0.0,40050.0
2022-01-19,-150000.0,0.0,0.0,-99988.0,-200728.0,125036.0
2022-01-20,0.0,75025.0,0.0,0.0,0.0,50056.0
2022-01-21,0.0,0.0,0.0,0.0,0.0,125011.0
2022-01-24,0.0,250179.0,0.0,0.0,-100036.0,-125038.0
2022-01-25,150036.0,0.0,0.0,0.0,0.0,0.0
2022-01-26,-250416.0,-25003.0,150034.0,100030.0,-50040.0,-12.0
2022-01-27,0.0,225113.0,0.0,0.0,0.0,-25039.0
2022-01-28,0.0,75056.0,30038.0,0.0,0.0,0.0
2022-01-31,-150000.0,25013.0,0.0,0.0,751484.0,0.0
2022-02-01,-50008.0,400087.0,0.0,79926.0,0.0,124997.0
2022-02-02,-49930.0,24994.0,0.0,100010.0,0.0,-49997.0
2022-02-03,50000.0,0.0,0.0,99998.0,-200066.0,0.0
2022-02-04,0.0,25017.0,0.0,0.0,0.0,-150220.0
2022-02-07,-50000.0,0.0,0.0,0.0,0.0,0.0
2022-02-08,0.0,50007.0,0.0,0.0,-300142.0,-24985.0
2022-02-09,0.0,125044.0,90060.0,300130.0,0.0,100117.0
2022-02-10,-50012.0,150118.0,0.0,50044.0,0.0,0.0
2022-02-11,100032.0,25000.0,0.0,0.0,0.0,-100083.0
2022-02-14,-100000.0,150028.0,0.0,0.0,-300218.0,0.0
2022-02-15,0.0,100021.0,0.0,-50004.0,0.0,0.0
2022-02-16,-150000.0,-75019.0,0.0,0.0,0.0,24996.0
2022-02-17,350058.0,50013.0,0.0,0.0,0.0,-30005.0
2022-02-18,0.0,0.0,0.0,0.0,0.0,0.0
2022-02-22,100000.0,0.0,50006.0,50002.0,-50048.0,-49962.0
2022-02-23,-100000.0,100067.0,30024.0,0.0,-300038.0,-2095.0
2022-02-24,300088.0,175014.0,130108.0,50010.0,0.0,50006.0
2022-02-25,50000.0,25010.0,0.0,0.0,0.0,50009.0
2022-02-28,-400054.0,75004.0,0.0,-50008.0,0.0,-100122.0
2022-03-01,0.0,200107.0,50034.0,0.0,-50074.0,125039.0
2022-03-02,49998.0,25000.0,0.0,0.0,0.0,25008.0
2022-03-03,-200098.0,-28975.0,149570.0,300282.0,0.0,-100027.0
2022-03-04,-150000.0,25000.0,0.0,0.0,0.0,24997.0
2022-03-07,-50004.0,24995.0,0.0,50018.0,-50014.0,0.0
2022-03-08,0.0,0.0,230090.0,0.0,0.0,-25024.0
2022-03-09,-149982.0,78965.0,0.0,0.0,0.0,24996.0
2022-03-10,0.0,0.0,0.0,0.0,150048.0,-40029.0
2022-03-11,0.0,25007.0,140070.0,50008.0,50022.0,-60030.0
2022-03-14,-50000.0,0.0,0.0,200136.0,250070.0,-59.0
2022-03-15,0.0,-25015.0,280134.0,50020.0,50022.0,145045.0
2022-03-16,-350044.0,50013.0,50016.0,50022.0,900302.0,-100510.0
2022-03-17,0.0,100055.0,0.0,200032.0,400206.0,35455.0
2022-03-18,-200000.0,25004.0,0.0,50026.0,100026.0,0.0
2022-03-21,0.0,124032.0,100070.0,0.0,0.0,0.0
2022-03-22,-199982.0,25070.0,0.0,0.0,130020.0,149999.0
2022-03-23,0.0,174962.0,50010.0,0.0,0.0,0.0
2022-03-24,-200000.0,0.0,80046.0,0.0,300040.0,75063.0
2022-03-25,0.0,174885.0,150064.0,0.0,650192.0,0.0
2022-03-28,0.0,200033.0,100160.0,0.0,50050.0,115052.0
2022-03-29,100012.0,199890.0,130028.0,90180.0,0.0,20004.0
2022-03-30,0.0,125125.0,50040.0,0.0,0.0,-75063.0
2022-03-31,0.0,0.0,50002.0,0.0,-56.0,27447.0
2022-04-01,100000.0,125015.0,0.0,50014.0,0.0,50024.0
2022-04-04,-150006.0,25036.0,60054.0,0.0,300162.0,25000.0
2022-04-05,-300084.0,273760.0,0.0,0.0,0.0,-50001.0
2022-04-06,0.0,100088.0,0.0,0.0,0.0,-25000.0
2022-04-07,0.0,25015.0,0.0,0.0,0.0,0.0
2022-04-08,-200012.0,0.0,-50020.0,0.0,150086.0,25021.0
2022-04-11,-150000.0,171216.0,0.0,50046.0,50012.0,0.0
2022-04-12,0.0,-25024.0,0.0,50008.0,0.0,-100062.0
2022-04-13,70028.0,125025.0,-100102.0,-220092.0,0.0,0.0
2022-04-14,0.0,99874.0,0.0,0.0,300084.0,0.0
2022-04-18,0.0,74984.0,0.0,0.0,50028.0,-175055.0
2022-04-19,0.0,175050.0,-129514.0,-100016.0,200110.0,-145023.0
2022-04-20,0.0,0.0,0.0,0.0,150046.0,-30013.0
2022-04-21,50000.0,0.0,0.0,0.0,100040.0,0.0
2022-04-22,0.0,250078.0,0.0,0.0,50024.0,-75027.0
2022-04-25,0.0,74937.0,100026.0,0.0,50000.0,0.0
2022-04-26,-200014.0,-26004.0,80042.0,-50022.0,500060.0,50014.0
2022-04-27,0.0,50005.0,0.0,0.0,50052.0,0.0
2022-04-28,-50002.0,50007.0,50000.0,0.0,100012.0,25001.0
2022-04-29,50030.0,75005.0,30024.0,-48064.0,0.0,-125022.0
2022-05-02,0.0,124985.0,100014.0,0.0,100016.0,0.0
2022-05-03,0.0,224998.0,50042.0,0.0,180050.0,0.0
2022-05-04,-100028.0,274817.0,0.0,-50014.0,0.0,-200024.0
2022-05-05,0.0,25004.0,150004.0,0.0,50000.0,50006.0
2022-05-06,-59996.0,174997.0,100040.0,0.0,0.0,-50018.0
2022-05-09,0.0,0.0,0.0,0.0,150136.0,14492.0
2022-05-10,0.0,175036.0,50002.0,0.0,0.0,-120030.0
2022-05-11,0.0,250093.0,100024.0,0.0,0.0,25005.0
2022-05-12,-100000.0,-1.0,50020.0,0.0,280152.0,0.0
2022-05-13,0.0,90028.0,0.0,0.0,49984.0,-75006.0
2022-05-16,0.0,50260.0,0.0,0.0,0.0,0.0
2022-05-17,0.0,25000.0,0.0,0.0,0.0,25024.0
2022-05-19,0.0,24991.0,0.0,0.0,0.0,0.0
2022-05-23,0.0,-100021.0,0.0,0.0,-199530.0,0.0
